,Company Name,Location,Industry,Post Title,Description,Post Date,Post Views
0,Parrott & McInnis,"Texas, United States",Law Firms & Legal Services,parrottsims.com,We are a full-service law firm providing our clients with superior legal services by leveraging our resources and personnel to deliver timely legal advice...  Phone: +1 832-485-6000,"24 Sep, 2022, 00:03 UTC",346
1,R&B Roofing,"Texas, United States",Commercial & Residential Construction,rbroof.com,Phone Number: (888) 260-3947  Owners phone numbers:  Doug Reader (214) 221-5000 ext 221  Kevin Ballard (214) 221-5000 ext 222  But external not working...  CEOs completely ignored our calls and said they didn't care about anything.  Fo...,"23 Sep, 2022, 15:21 UTC",243
2,Centre Hospitalier Sud Francilien,France,"Internet Service Providers, Website Hosting & Internet-related Services",ch-sf.fr,"We present to you the French clinic. CH-SF.FR REVENUE $650 million. This company does not want to fulfill its part of the transaction to buy out the decryptor and personal data of its customers, patients and partners. This company does not care a...","23 Sep, 2022, 12:19 UTC",2134
3,Conger Construction Group,"Ohio, United States",Commercial & Residential Construction,congerbuilt.com,"When Larry Conger founded Conger Construction Group in 1992, he had a vision of building a company that would act with integrity in every project, no matter what the challenge. Since then, we’ve established ourselves as one of the most respected cons...","22 Sep, 2022, 23:20 UTC",263
4,Thor Guard,"Florida, United States",Manufacturing,thorguard.com,"THOR GUARD began manufacturing Lightning Prediction Systems in 1973. Over the last 50 years, we have studied thousands of hours of Lightning Strike Data over the millions of hours of our systems operations - all for the purpose of continually improvi...","22 Sep, 2022, 23:05 UTC",274
5,Sunshine Coast Regional District,Canada,Local,scrd.ca,"The Sunshine Coast Regional District (SCRD) is the regional government serving the residents of the Sunshine Coast. Formed in 1967, the SCRD is one of 27 regional districts that were designed to establish a partnership between electoral areas and mem...","22 Sep, 2022, 23:04 UTC",365
6,Franck BEUN,France,Commercial & Residential Construction,franckbeun.fr,"Franck Beun - Edifice & Habitat Franck Beun - Edifice & Habitat est une entreprise de Maçonnerie, Plâtrerie, Menuiserie, Taille de Pierre, Carrelage et Assainissement. Franck Beun Edifice & Habitat est de la catégorie » Bâtiment et construction » q...","22 Sep, 2022, 22:09 UTC",698
7,Interactive Digital Technologies,"Taiwan, Province of China",Telecommunications,idtech.com.tw,Interactive Digital Technologies Inc (IDT) was established in 2003 with an initial focus on the Media industry.,"22 Sep, 2022, 18:07 UTC",250
8,WEB Nordeste,Brazil,Industrial Machinery & Equipment,webnordeste.com.br,"Web Nordeste manufactures equipment and provides services for the Oil & Gas industry, according to API standards. Files contains Administrative and Finance files","22 Sep, 2022, 10:45 UTC",278
9,Phoenix Silicon International,"Taiwan, Province of China",Electronics,psi.com.tw,"Phoenix Silicon International was established in 1997, and was started from Wafer Reclaim Department. Then, it developed to Wafer Thinning Department and Wafer Integration Department. PSI takes technological innovation and high quality as the goals,...","21 Sep, 2022, 22:57 UTC",665
10,Your Private Italy,"Maryland, United States",Hospitality,yourprivateitaly.com,"Your Private Italy it THE luxary travel, destionation management specialist to italy. We arrange luxury travel that is custom designed especially for you, the educated traveller, looking to experience Italy in a truly distinctive and authentic manner...","21 Sep, 2022, 22:52 UTC",352
11,Software Line,Canada,Consumer Services,software-line.it,Un gruppo di professionisti per progettare con te il tuo Sistema Informativo. L'evoluzione dell'impresa e dei suoi professionisti è stata nell'acquisire esperienze e capacità per accompagnare i clienti nella progettazione e realizzazione delle loro t...,"21 Sep, 2022, 22:47 UTC",1467
12,Cng Ty Tnhh c Anh,Viet Nam,Building Materials,ducanh.com,"ducanh Manufacturing, printing, trading and import-export plastic packages (Vietnam)","21 Sep, 2022, 22:39 UTC",644
13,Uide,Ecuador,Colleges & Universities,uide.edu.ec,UIDE - Universidad Internacional del Ecuador is the leading international university in Ecuador.,"21 Sep, 2022, 22:37 UTC",357
14,Marugo,Japan,Business Services,marugokiso.co.jp,"Since our founding in 1964, Marugo Kiso Kogyo Co., Ltd. has carved out a history with the modernization and economic growth of Japan through our technical capabilities and sincere work. Technological innovation is progressing at a rapid pace in the f...","21 Sep, 2022, 22:03 UTC",2577
15,IFW,"Garbsen, Germany",Information Technology Support Services,ifwglobal.com,Introducing IFW Global Experts in cybersecurity and cybercrime investigation. We have a lot of confidential data of this company at our disposal. Data on ongoing and closed cases and investigations. Testimony of informants and victims. Non-disclosure...,"21 Sep, 2022, 11:31 UTC",423
16,Elementor,"Ramat Gan, Israel",Internet & Web Services,elementnor.no,Betoncentrale in Noorwegen,"20 Sep, 2022, 08:08 UTC",543
17,Mektec,"California, United States",Electronics,mts.mektec.com,"Mektec Trading (Shanghai) Co., Ltd","19 Sep, 2022, 20:46 UTC",706
18,OKI Brasil,"Sao Paulo, Brazil",Information Technology Support Services,okibrasil.com,"OKI Brasil is the banking automation, business automation, and IT services company of the Japanese OKI group in Latin America and Europe. WE HAVE 40 GB CONFIDENTIAL DATA","19 Sep, 2022, 20:13 UTC",730
19,Czarnikow,United Kingdom,Business Services,hering-heinz.de,"Ihre Spezialisten für Sanitär, Heizung, Badgestaltung und vieles mehr aus Pottum - Hering & Heinz .","19 Sep, 2022, 09:25 UTC",799
20,,,,"First bounty payout $50,000","On July 6, 2022, the first bounty payment of 50 thousand dollars was made for the bug report in the encryption software, which was fixed on the same day. The bug was that it was possible to decrypt any vmdk or vhdx file for free, since the beginning...","17 Sep, 2022, 02:39 UTC",1736
21,DSS,Czech Republic,Aerospace & Defense,dss-cz.com,"We are pleased to introduce you to DSS company that is one of the suppliers of weapons to Ukraine, Russia, Somalia, Kenya.  We have downloaded about of 200Gb private data: confidential contracts to supply of weapons to many countries and other priv...","16 Sep, 2022, 03:46 UTC",1727
22,SAS C/E/S,"Chamousset, France","Flowers, Gifts & Specialty Stores",ces-conditionneur.fr,"Spécialiste du conditionnement à façon préparer - conditionner - emballer Produits pâteux, liquides, semi-liquides - Poudres Industriel Seringues et cartouches - mono et bi-composant - Tubes aluminium et plastique Pots, flacons, bidons, seaux Sachets...","16 Sep, 2022, 03:25 UTC",1326
23,Einstein Kaffee,"Berlin, Germany",Hospitality,kaffeeberlin.com,"Le Kaffee Berlin est une idée, une vision de l'art de vivre à Berlin et nous avons réussis à grandir tout en restant fidèles à nos amours d'origine. Nos 5 restaurants à Lyon vous proposent un voyage culinaire au coeur de la capitale allemande : Un me...","16 Sep, 2022, 03:23 UTC",1308
24,Scotto Brothers,"Woodbury, NY",Hotels & Resorts,scottobrothers.com,"Distinct Venues In Long Island Scotto Brothers, The Trusted Name In Hospitality Family-owned and operated since 1961, Scotto Brothers is a leading name in Long Island hospitality. We have the history, experience and passion to handle every moment of...","16 Sep, 2022, 03:17 UTC",1297
25,Equator Trustees Limited,Seychelles,Investment Banking,equatortrustees.com,"Contact Us Equator Trustees Limited is licensed by the Seychelles Financial Services Authority (FSA) as a Corporate and Trustee Service Provider, and has offices in Victoria, the capital city of Seychelles on the island of Mahe. Our principals are ex...","16 Sep, 2022, 03:16 UTC",1291
26,Orion Innovation,"Edison, NJ",Information Technology Support Services,orioninc.com,"Orion Innovation is a leading digital transformation and product development services firm. Headquartered in Edison, NJ, we have a global team of over 6,200 associates, with engineers in 14 major delivery centers across North America, Europe, Asia Pa...","15 Sep, 2022, 16:47 UTC",2816
27,Nakamura,Japan,Consumer service,nakamuracorp.co.jp,"Business content Import, processing, and wholesale of raw materials for compound feed Import, processing, and wholesale of raw materials for organic and inorganic fertilizer Real estate rental business (Kanda Ogawamachi Nakamura Building) Import a...","15 Sep, 2022, 09:53 UTC",1696
28,Aliat Universidades,"Ciudad de Mexico, Mexico",Banking,aliat.group,Hotline: 1900555538. Email: contact@aliat.group. www.aliat.group. HO CHI MINH CITY HA TINH CITY CAN THO CITY. HA NOI CITY BAC NINH CITY PHNOM-PENH CITY,"14 Sep, 2022, 22:12 UTC",1655
29,D-Sécurité,"Feyzin, France",Business Services,d-securite.com,"D -Sécurité Groupe spécialiste en Santé Publique, détient les marques Défibrillateur France et Qualit-Air. Découvrez nos défibrillateurs et nos purificateurs d'air. Nous recrutons - Contactez-nous 04 78 200 278 contact@d-securite.com Passer au conten...","14 Sep, 2022, 22:08 UTC",1686
30,MEDICAL 69,"Limonest, France",Healthcare Services & Hospitals,medical69.com,"MEDICAL 69, fondée par Frédéric Deborde en 2001, vous propose la vente, la location et le service après-vente de matériel médical, de confort et de bien-être. - une disponibilité 24h/24 en cas d'urgence grâce à son service d'astreinte. MEDICAL 69 peu...","14 Sep, 2022, 22:06 UTC",1668
31,ASECNA,"Gabon, Central Africa","Airlines, Airports & Air Services",asecna.org,ASECNA African agency for air traffic control,"14 Sep, 2022, 20:38 UTC",1359
32,Mark Albert Herder,"Ohio, United States",Law Firms & Legal Services,markherder.com,Bankruptcy Attorney And Counsellor At Law We are a debt relief agency that helps people file Chapter 7 and Chapter 13 bankruptcy cases under the United States Bankruptcy Code Have all client files,"14 Sep, 2022, 20:25 UTC",1730
33,Southampton County Public Schools,"Courtland, VA",K-12 Schools,southamptoncounty.org,"Founded in 1749, Southampton County, Virginia, owes its rich heritage to agriculture and forestry. For generations, our land assets (600 square miles) have served our residents well and our people have maintained high quality work standards through t...","14 Sep, 2022, 20:15 UTC",1655
34,Comisión Nacional de Acreditación,Chile,Colleges & Universities,cnachile.cl,Comisión Nacional de Acreditación,"14 Sep, 2022, 20:09 UTC",1662
35,Independence S.A.,"Bogotá, Colombia",Membership Organizations,independence.com.co,Independence S.A. is a Colombian company with 40 years of experience in the drilling and maintenance of oil and gas wells.  independence.com.co\aramos:Marzo04* 180 GB DATA,"14 Sep, 2022, 19:32 UTC",1668
36,Makler,"Hamburg, Germany",Insurance,makler.com.ve,"makler.com.ve Ofrecemos un servicio centrado en las necesidades de nuestros clientes y a la medida de sus exigencias, asesorándolos en todos los ramos de seguros: Patrimoniales, Fianzas, Automóviles y Personas.  Poseemos una trayectoria de más de...","14 Sep, 2022, 19:13 UTC",1651
37,Inspecs Group,"Hawaii, United States",Apparel & Accessories Retail,inspecshawaii.com,Your vision is a sense that has to be accurate to achieve daily functions. A comprehensive examination can evaluate your vision and the health of your eyes. We will pinpoint any symptoms you may have and take the proper procedures to correct the issu...,"14 Sep, 2022, 13:07 UTC",1842
38,KC Green Holdings,"Seoul, South Korea",Business Consulting,kcgreenholdings.com,"Under the management philosophy of human oriented management, KC Green Holdings is a company that attempts to deliver genuine value to customers with challenging spirit without hesitation of change and innovation.","14 Sep, 2022, 02:23 UTC",1814
39,AIPC Energy,"San Antonio, TX",Energy & Utilities,aipcenergy.com,"AIP Inc. Medical Division provides contract, temp-to-perm, locum, and direct hire personnel to every segment of the Healthcare market and will quickly fill medical staffing requests with AIP Inc. Click Here For More Info WE WANT TO BE ON YOUR O&G TEA...","14 Sep, 2022, 02:22 UTC",1816
40,City of Bartlett,"Bartlett, TN",Municipal Agencies,cityofbartlett.org,"Strategically located within the heart of Shelby County, the City of Bartlett embeds a rich history. The town was a lone stagecoach stop by the 1830s. Now Shelby County's 2nd and Tennessee's 10th largest city, Bartlett still preserves the small town...","14 Sep, 2022, 02:20 UTC",1834
41,Quintal,"Jakarta, Indonesia","Energy, Utilities & Waste Treatment General",quintal.com.co,"Quintal contribuye al desarrollo de los sectores agrícola, de la construcción, metalúrgico y energético a través de la fabricación y distribución de productos químicos a base de Manganeso y la comercialización de insumos para fundición y siderurgia....","14 Sep, 2022, 02:19 UTC",1797
42,Ville de Faulquemont,"Faulquemont, France",Organizations & Federal,ville-faulquemont.fr,Place de l'Hôtel de Ville - BP 63. 57380 Faulquemont - FRANCE +33 3 87 29 70 00. Contact par formulaire. Liens utiles. Usine d'Electricité de Metz (UEM) Préfecture de la Moselle Déchetterie Communauté de Communes du District Urbain de Faulquemont (DU...,"14 Sep, 2022, 01:41 UTC",1815
43,Land Rover,United Kingdom,Automobile Dealers,sva-avignon.concession-landrover.fr,"BIENVENUE DANS VOTRE CONCESSION LAND ROVER AVIGNON. Notre équipe est à votre disposition pour vous accompagner lors de l'achat de votre véhicule Land Rover. Découvrez sur notre site la gamme et les dernières nouveautés Land Rover, les occasions Land...","14 Sep, 2022, 01:40 UTC",1805
44,SaRa'ssure,France,Insurance,sarassure.fr,"Notre cabinet de courtage d'assurances particuliers et professionnels sur Bourgoin Jallieu. SaRa'ssure est un cabinet de courtage indépendant, nous ne dépendons d'aucune compagnie d'assurance. Marise et Nathalie vous représentent auprès des assureurs...","14 Sep, 2022, 01:38 UTC",1775
45,Communauté de communes du Pays de Colombey et du Sud Toulois,France,Organizations & Federal,pays-colombey-sudtoulois.fr,"PROJET de TERRITOIRE Pays de Colombey Cette démarche vise à construire avec vous, les habitants, le projet territorial de demain. Réunions thématiques, et balades de territoires ci-dessous Faire des économies d'énergies ? Isoler sa maison ? Un nouvea...","14 Sep, 2022, 01:36 UTC",1761
46,Geraldine Donnais,France,Law Firms & Legal Services,mj-donnais.fr,Tous les documents doivent impérativement être adressés par voie postale ou par courriel. Aucune remise de documents n'est acceptée au bureau d'accueil. L'accueil téléphonique - 03.83.54.81.57 - est assuré du lundi au jeudi de 9h00 à 12h00. Maître DO...,"14 Sep, 2022, 01:35 UTC",1741
47,Maleo Assurances,France,Insurance,maleosante.fr,Comparateur de mutuellesdepuis plus de 10 ans. Comparateur de mutuelles. depuis plus de 10 ans. Assurances MALEO diffuse une gamme de produits innovants en SANTÉ et PRÉVOYANCE. Plus d'informations Obtenir un devis gratuit. 10 ans d'expérience.,"14 Sep, 2022, 01:32 UTC",1752
48,Maison Loisy,France,Grocery Retail,maisonloisy.fr,"immobilier neuf dans la ville : Annecy Annecy offre un large choix de types de logements, avec des prix et des tailles très différents. Du studio à la grande villa, le marché immobilier d'Annecy vous permettra de trouver votre logement idéal. Il exis...","14 Sep, 2022, 01:31 UTC",1739
49,L'Agence 33,"Mérignac, France",Real Estate,lagence33.com,"Présentation | L'agence 33 Vente Tous types de biens Nb de pièces Nos coups de cœur Saint-Selve 451 500 € 4 Vente 5 pièces 117 m² 934 m² Maison EXCLUSIVITE Proche toutes commodités à pied et dans une impasse, venez découvrir ce plain-pied récent bien...","14 Sep, 2022, 01:29 UTC",1734
50,JT Engineering,"Agua Dulce, CA",Architectural & Engineering Services,jt-engineering.com,"At JT Engineering, client satisfaction is our primary goal. We listen and focus on your needs. Developing client-based solutions to get your project completed on time and on budget is what drives us. Our core group of engineers specialize in transpor...","14 Sep, 2022, 01:27 UTC",1737
51,OVH Groupe SAS,France,Internet & Web Services,euromip.fr,"GERMANY: Almost 230,000 work-related Covid-19 cases since 2020. Since the beginning of the pandemic, the social accident insurances (BG and UK) have received more than 350,000 reports of work-related Covid-19. They have recognized the occupational na...","14 Sep, 2022, 01:26 UTC",1728
52,EUROMODULES,"Faulquemont, France",Building Materials,euro-modules.fr,"Sécurisant mais toujours esthétiques, les espaces modulaires Euro Modules offrent des formes contemporaines et des volumes confortables répondant aux exigences les plus actuelles. Le principe constructif permet une ultra modularité, c'est-à-dire la r...","14 Sep, 2022, 01:24 UTC",1730
53,Daune Trading,,,daune.org,"We are the escrow-based online marketplace and classified ads platform for Myanmar, where buyers and sellers can trade with trust.","14 Sep, 2022, 01:22 UTC",1704
54,Cabinet Maurice Burger,France,Real Estate,cmb-artimmo.com,"Créé en 1930, le Cabinet Maurice Burger a toujours été une affaire de famille. C'est aujourd'hui Benjamin Darmouni qui en assure la présidence à la suite de son père Jean Claude Darmouni. Nos équipes vous conseillent et vous offre un accompagnement p...","14 Sep, 2022, 01:20 UTC",1728
55,ARTDIS,"Derval, France",Freight & Logistics Services,artdis.fr,"Depuis artis.net, consultez le catalogue d'un grossiste pour vérifier la disponibilité ou le prix d'une référence Par un simple clic, créez la référence d'achat dans votre système et la commande chez le fournisseur sans sortir de votre ERP Ils ont ch...","14 Sep, 2022, 01:19 UTC",1696
56,KWP INSIDE HR,"Heilbronn, Germany",Business Services,kwp.at,"Karriere im KWP beginnen Wohnungen mitten im Leben Die Häuser zum Leben bieten Wohnplätze für Studierende an. Generationenwohnen ist kein Schlagwort, sondern Programm. Wohnung finden Ich fühle mich wirklich wohl hier, weil die Betreuung nett ist und...","14 Sep, 2022, 01:17 UTC",1777
57,CamDomain,,Broadcasting,camdomain.com,LOL,"14 Sep, 2022, 01:16 UTC",1806
58,Cultivar,"Basauri, Spain",Grocery Retail,cultivar.net,"Hoy, casi 50 años después, Cultivar opera en todo el mundo, convirtiéndose en una de las principales empresas en el sector de la importación. Nuestros servicios. Nuestro compromiso es poner al alcance de nuestros clientes los servicios más innovadore...","14 Sep, 2022, 01:13 UTC",1728
59,The Zinc Group Ltd,"Glasgow, United Kingdom",Business Services & Debt Collection,thezincgroup.com,"The Zinc Group Limited is a Registered Company in England and Wales. Registered Office: Kings House, 4 Elm Court, Arden, Stratford upon Avon CV37 6PA.","14 Sep, 2022, 01:03 UTC",1700
60,Baker McKenzie,"Chicago, IL",Legal,mackenzie-law.co.uk,"Director: Donald M MacKenzie, LL.B., Dip L.P., N.P. Practice Manager: Mary E Mitchell. The MacKenzie Law Practice is a trading name of MacKenzie Law Ltd (registered number SC447472) registered office and postal address, 2nd Floor, Highland Rail House...","14 Sep, 2022, 01:02 UTC",1660
61,Tax Prep & Accounting Services,"Menasha, WI",Business Services & Accounting Services,taxprepandmore.com,Business Tax Prep. And More is dedicated to the financial success of your business. We ensure that the tax and financial affairs of your current and future business are up to date and in order.,"14 Sep, 2022, 00:59 UTC",1642
62,TAPCO Credit Union,"Tacoma, WA",Banking & Lending,tapcocu.org,"Credit 101 In-Person Seminar. Learn how to make your credit work for you! Sept. 24th at the Foss Waterway Seaport. Register Today. Swipe & Win. Use Your TAPCO Visa Debit or Credit Card for a Chance to Win $1,000!","14 Sep, 2022, 00:56 UTC",1666
63,Ideal Tridon,"Smyrna, TN",Metal & Mineral Manufacturing,idealtridon.com,"Trust & quality define Ideal-Tridon's Spring Loaded T-Bolt Clamps. Engineered for constant tension performance and usage in heavy duty trucks, industrial machinery, off-road equipment and agricultural irrigation.","14 Sep, 2022, 00:54 UTC",1690
64,Bakker Heftrucks B.V.,Netherlands,Transportation,bakkerheftrucks.com,"WELCOME TO BAKKER FORKLIFTS BV  As a SVETRUCK ,CLARK forklift importer/dealer & BULMOR sideloader supplier, we have been supplying everything that has to do with internal transport, CLARK forklifts, CLARK parts, warehouse trucks, BULMOR sideloaders...","13 Sep, 2022, 17:24 UTC",1886
65,automotiveMastermind,"New York, NY",Enterprise Software & Network Solutions,hmets.com,"Who is HME Technologies HME Technologies, established in 1977, is today a leading OEM contract manufacturer in this region. We specialized in the Oil & Gas Equipment and Process EquipmRead More  Headquarters Headquarters:  23 Pioneer Cres, Sing...","13 Sep, 2022, 01:58 UTC",3435
66,American Tile & Stone,"California, United States",Commercial & Residential Construction,americantilestone.com,"Since 1983, American Tile & Stone has been providing exceptional flooring, tile and stone installation throughout Northern California","13 Sep, 2022, 01:56 UTC",5211
67,Grupo AccionPlus,"Bogotá, Colombia",Business Services & HR and staffing,accionplus.com,El Grupo AccionPlus es la holding colombiana líder en la prestación de soluciones de outsourcing y de suministro de personal basadas en talento humano.,"13 Sep, 2022, 01:55 UTC",4877
68,Lenax Construction Services,"Los Angeles, CA",Construction,lenax.com,"Since our inception in 1993, Lenax Construction Services, Inc. (LENAX) has provided quality construction consulting services to a diverse range of engineering, design, construction firms, and public sector owners. We pride ourselves in maintaining a...","13 Sep, 2022, 01:55 UTC",5056
69,Casa Pellas,"Managua, Nicaragua","Convenience Stores, Gas Stations & Liquor Stores",casapellas.com,"Stolen: 165 gigs: CREDITCAP folders, insurance documents, credit documents, employee folders, proceedings, disputes and more  Sale of new cars, liquor, industrial machinery, tires, spare parts, motorcycles, marine engines and distribution of mass c...","13 Sep, 2022, 01:53 UTC",7581
70,Ares Foods,Canada,Grocery Retail,aresfoods.ca,"Founded by the Christopoulos family in 1999, Ares Foods started out in a small butcher shop on Bernard Avenue in the Mile-End. From its humble beginning, the company grew quickly and, in 2002, moved to its current warehouse on Alexandra Street to acc...","13 Sep, 2022, 01:52 UTC",6838
71,Blue Kangaroo Learning Center,"Reno, NV",Preschools & Childcare Services,kangaroo.vn,"Stolen: 86 GB, folder with passports, there are several confidential files, accounting, marketing, and more    The Kangaroo Group was proudly established in 2003 by two young and enthusiastic Vietnamese entrepreneurs. Throughout 18 years, busines...","13 Sep, 2022, 01:52 UTC",8142
72,Monnens en Partners,Belgium,Business Services & Management Consulting,monnensenpartners.be,"Your partner in accounting, taxation and advice Our accountants and advisors help you with personal and professional growth and work on the well-being and future goals of your company.","13 Sep, 2022, 01:51 UTC",3436
73,upLexis,"São Paulo, Brazil",Business Services & Document Management,uplexis.com.br,O upMiner é uma plataforma utilizada por empresas de todos os tipos para agilizar a coleta de informações sobre pessoas físicas e jurídicas.,"13 Sep, 2022, 01:48 UTC",4962
74,VS Associates,"Canoga Park, CA",Accounting & Tax,vsainc.com,"VS Associates, Inc. helps you build your own roadmap to a more secure financial future with clear, easy to understand explanations of financial products and services. The number of investment options, financial products, and services available in th...","13 Sep, 2022, 01:48 UTC",6081
75,ARA LAW,"Mumbai, India",Law Firms & Legal Services,aralaw.cr,130 gb of all legal documents of this agency. Mr. Rodriguez - let's make a deal.,"13 Sep, 2022, 01:45 UTC",2124
76,Columbia Grain,"Portland, OR",Farm Support Services,columbiagrain.com,"We value every member of the Columbia Grain team who demonstrate daily our core values of innovation, reliability, respect, and have the dedication to work hard to cultivate growth for our farmers, our supply chain management and for their own self-e...","13 Sep, 2022, 01:43 UTC",8760
77,MedcoEnergi,Indonesia,"Electricity, Oil & Gas",madcoenergi.com,"An onshore PSC with two producing oil fields and seven producing gas fields located in South Sumatra, Indonesia, adjacent to MedcoEnergi's existing operations in South Sumatra. The acquisition will provide synergies with its Sumatra operations and fu...","13 Sep, 2022, 01:37 UTC",7562
78,Finnco Services,"Fontana, CA",Construction,finnco.eu,Finnco-altec is a company that operates in the Packaging and Containers industry. It employs 21-50 people.,"13 Sep, 2022, 01:36 UTC",3149
79,Aha!,"Menlo Park, CA",Enterprise Software & Network Solutions,ah-a.de,Axel Höer Architekten is a construction firm. They offer architectural and civil engineering,"13 Sep, 2022, 01:34 UTC",6440
80,Zhulian Corporation,Thailand,"Department Stores, Shopping Centers & Superstores",zhulian.co.th,"About us: The date of establishment of the company - Zulian (Thailand) Co., Ltd. was founded on June 14, 1996 with an authorized capital of 10,000,000 baht for the purpose of conducting a business selling consumer goods. using multi-level marketing s...","13 Sep, 2022, 01:31 UTC",6949
81,Porcelanosa USA,"Ramsey, NJ",Wholesale,porcelanosa-usa.com,"Over the past 40 years, Porcelanosa has evolved from a small tile company to a global manufacturer and distributor for design solutions. With 30 showrooms in the United States and Canada, Porcelanosa is a luxury lifestyle brand that will make your ne...","13 Sep, 2022, 01:30 UTC",5384
82,MWD Digital Agency,"Verona, Italy",Business Services,mwd.digital,"It is the set of specialized skills in Data Management, Digital Strategy, Security, Application Development, Hosting, Social Media & Content Management, Digital ADV. We are proud of our over 15 years of history","13 Sep, 2022, 01:26 UTC",8161
83,Connectivity Point,"Maine, United States",Business Services,connectvitypoint.com,"Connectivity Point Design and installation is a company that installs and provides structured cabling, audiovisual, sound masking, security, wireless networks","13 Sep, 2022, 01:24 UTC",2510
84,Enviro,"Ellisville, MS",Energy & Utilities,cenviro.com,"It is a company that conducts consulting on waste disposal and environmental conservation of general and industrial waste. In addition, we provide guidance on the maintenance and management of waste disposal facilities, and various consulting service...","13 Sep, 2022, 01:24 UTC",4765
85,CR Brands-Ohio,"West Chester, OH",Consumer Product Manufacturing,crbrandsinc.com,"Redox Brands was a marketing company formed in 2000 by Todd Wichmann and Richard Owen, former executives with the multinational consumer products firm Procter & Gamble. The company's first product was Oxydol brand purchased from P&G. P&G would contin...","13 Sep, 2022, 01:13 UTC",7624
86,Cheung Woh Technologies,"Singapore, Singapore",Electronics Manufacturing,cheungwoh.com.sg,Cheung Woh is a world class manufacturer and supplier of HDD components and precision metal components.,"13 Sep, 2022, 01:10 UTC",7531
87,La Calera,"Lima, Peru",Agriculture,lacalera.pe,"La Calera Agrícola is a leading company in citrus production and exports in Peru, with more than 3,000 ha planted in the cost of Peru. It mainly produces mandarins","13 Sep, 2022, 01:06 UTC",2501
88,CPIC Brasil,"Capivari, Brazil",Commercial & Residential Construction,cpicfiber.com,"CPIC is the first manufacturer to produce E-glass fiber by the direct-melt process in China, in year of 1986.","13 Sep, 2022, 01:06 UTC",7730
89,Oklahoma City University,"Oklahoma City, OK",Colleges & Universities,okcu.edu,"Data: 285GB: confidential folders, HR, passports, investigations, incidents, audit, budget, president and more    Meet OCU. As a top liberal arts & sciences university, Oklahoma City University has been leading students to their creative edge fo...","13 Sep, 2022, 01:03 UTC",6507
90,Steve Silva Plumbing,"California, United States",Commercial & Residential Construction,stevesilvaplumbing.com,"Steve Silva Plumbing provides Professional Plumbing, and Repair for Kitchen, Bath, Toilet, Shower, Water Heater, Copper, Sink and Rooter in Napa","13 Sep, 2022, 00:53 UTC",4807
91,St. John Vianney Roman Catholic Church,"Janesville, WI",Organizations & Religious Organizations,stjohnvianney.org,"In the Church of St. As a parish, we recognize that we have a duty to offer parishioners a way to receive God's unconditional love and to enrich and awaken their feelings.","13 Sep, 2022, 00:51 UTC",4834
92,Overseas AST,"Dubai, United Arab Emirates",Commercial & Residential Construction,overseas-ast.com,"Downloaded 354gb COMMERCIAL and CONTRACTS.  34gb: HR 24gb, Planning 4gb, Credit 4gb.  Founded in 1898, Overseas AST was a major construction company based in Europe. In 1959 Overseas AST established operations in Dubai and in 1964 the business was...","13 Sep, 2022, 00:50 UTC",8129
93,Meiji,"Tokyo, Japan",Food & Beverage Manufacturing,MEIJI.COM.SG,"Apparently, the company does not really understand the seriousness of the situation.  Meiji Seika Singapore  Established in 1974, Meiji Seika Singapore is the first overseas operation out of Japan for Meiji Co., Ltd. Japan, and is today one of th...","13 Sep, 2022, 00:26 UTC",5955
94,Accident Repair Management,Ireland,Automotive Service & Collision Repair,armassist.ie,"Accident Repair Management service Our Accident Repair Management service delivers centrally managed bespoke solutions which are ideal for fleets, leasing, rental and insurance companies. These services are offered through our carefully selected nat...","12 Sep, 2022, 23:29 UTC",7694
95,Christiana Spine Center,"Delaware, United States",Hospitals & Physicians Clinics,cristianaspinecenter.com,Christiana Spine Center is the only practice in the region dedicated specifically to taking care of patients with spinal disorders. We are able to provide superior care by having fellowship trained experts diagnose and treat your spine problems. We p...,"12 Sep, 2022, 23:28 UTC",7503
96,Versma,Germany,Finance,versma.com,"Versma Management Services provides a full suite of customisable, end-to-end business processing services, which are tailored to each of our broker clients.  Our model provides brokers access to an expansive network of the best insurers, underwriti...","12 Sep, 2022, 23:28 UTC",6420
97,Eneva,"Rio de Janeiro, Brazil","Energy, Utilities & Waste",eneva.com.br,"1223 GB. finance, plans for the future, legal information, accounting, marketing, insurance and much more. https://anonfiles.com/5eZ8J86ey6/tree_txt","12 Sep, 2022, 23:27 UTC",3502
98,Goodwill Industries of New Mexico,"New Mexico, United States",Non-Profit & Charitable Organizations,goodwillnm.org,Goodwill Industries of New Mexico is a local nonprofit organization that helps New Mexicans find jobs in the community and gain access to specialized social services. We are CARF accredited which is evidence of our commitment to continually improve s...,"12 Sep, 2022, 23:15 UTC",5042
99,Sport Lavit,"Viernheim, Germany",Fitness & Dance Facilities,sportlavit.nl,"Sport Lavit has been the sports medical wholesaler for the Benelux for more than thirty years. In the Sport Lavit webshop you will find everything in the field of sports, physio and therapy, massage and care. Our philosophy is simple: in sport everyt...","12 Sep, 2022, 23:14 UTC",5116
100,Willkommen im Diakonissenhaus Riehen,Switzerland,Organizations & Religious Organizations,diakonissen-riehen.ch,diakonissen-riehen.ch Geistlich-diakonischen Zentrum Riehen,"12 Sep, 2022, 23:07 UTC",2506
101,LEGACY HOSPITALITY,"Albuquerque, NM",Investment & Asset Management,legacy-hospitality.com,Our core business is hospitality in which Legacy Development & Management has grown into a major force in the hospitality industry.,"12 Sep, 2022, 23:07 UTC",7597
102,Pinnick Lewis,United Kingdom,Accounting Services,pinnick.co.uk,Pinnick Lewis was established in London’s West End in 1950 and has been located in North West London since 1972. Over the years we have developed a varied and loyal client base – spanning in some cases multi-generation.,"12 Sep, 2022, 23:06 UTC",6057
103,Integrate,"Phoenix, AZ",Enterprise Software & Network Solutions,integrate.ch,"INTEGRATE means integrate, integrate and combine. This is exactly what we have been doing since the company was founded in 1996. We are a reliable partner with foresight. We have about fifty employees working on various projects from different sector...","12 Sep, 2022, 23:04 UTC",7782
104,Omega Services,"Sydney, Australia",Consumer Services,omegaservices.com.au,"Omega Services technicians provide quality services to the Sydney area. Our values drive us to continuously improve and grow to meet the demands of the current marketplace. We do things the right way, not the easy way to make sure that no one has to...","12 Sep, 2022, 21:50 UTC",1562
105,Frigoríficos Bandeira,Spain,Grocery Retail,frigobandeira.com,"Frigoríficos Bandeira S.L ., is a company founded in 1984, dedicated to slaughtering and butchering of cattle. The great experience gained over three generations in the treatment of livestock has placed us as one of the leading companies in the secto...","12 Sep, 2022, 14:12 UTC",1689
106,Ginko,Taiwan,Consumer Products,ginko.com.tw,"At present, the business group covers five business groups: brand development, contact lenses, pharmaceutical biochemistry, retail channels and strategic investment.","11 Sep, 2022, 23:02 UTC",7851
107,Ring-Plastik Pechler,"Altomünster, Germany",Manufacturing,ring-plastik.de,"Experience since 1969  Centrally located between Augsburg and Munich, Ring-Plastik has been manufacturing high-quality plastic parts since 1969. From the development and design of their products to series production, we accompany our customers in t...","11 Sep, 2022, 23:00 UTC",6824
108,Shopper360,"Petaling Jaya, Malaysia",Advertising & Marketing,shopper360.com.my,"Stolen 178GB: passports, scans, financial statements, contracts, documents and more   Shopper360 Limited is a Malaysia-based provider of shopper marketing services to the retail, consumer goods and in-store advertising industries. The company offe...","11 Sep, 2022, 23:00 UTC",7856
109,Peak International,"New Territories, Hong Kong",Machinery Manufacturing,peakinternational.com,"peak. com. hk  Peak is an industry leader in engineered plastics and packaging for high value-add products in industries such as semiconductors, precision mechanical components, and solutions for the laboratory, and consumer markets. With offices i...","11 Sep, 2022, 22:56 UTC",4028
110,Divultec,Portugal,Consumer Services,divultec.pt,"Divultec's offering is focused on Systems Integration, offering solutions for backup, communications, security, server and storage infrastructures, virtualization, network infrastructures, printing and software licensing","11 Sep, 2022, 22:55 UTC",3545
111,Clestra Hauserman,"Strasbourg, France",Construction,clestra.com,"Clestra Hauserman is the result of a powerful story written by the energy of successive generations of passionate men and women. It is the story of Clestra Hauserman’s staff past and present, as well as its clients, its partner architects and designe...","11 Sep, 2022, 22:49 UTC",8104
112,Galenica,"Bern, Switzerland",Healthcare Services & Hospitals,galenica.ma,"Galenica (Laboratoires Pharmaceutiques Galenica) Created in 1978,Pharmaceutical Laboratories GALENICA are specialized in the development, manufacture, promotion and sale of generic drugs for the Moroccan market as well as foreign marchées. By offer...","11 Sep, 2022, 22:48 UTC",5099
113,ThinInfra,Netherlands,Information Technology Support Services,thininfra.nl,ThinInfra is specialized on leveraging high-end sales and pre-sales support around the thin infrastructure topic. ThinInfra covers topics like:     Thin Clients         Thin Client Management Solutions     Virtual Desktop Infrastructure...,"11 Sep, 2022, 22:47 UTC",4781
114,Kamut International,"Montana, United States",Food & Beverage,kamut.com,We have three main activities at KEE. We organize the promotion and protection of the KAMUT(R) tradename in the European Union. We also coordinate a research program regarding health and nutritional benefits of processed products made of KAMUT(R) kho...,"11 Sep, 2022, 22:47 UTC",3016
115,Autoliv,"Stockholm, Sweden",Transportation Equipment Manufacturing,autoliv.com,"AUTOLIV HIROTAKO SDN.BHD. A major player in the Malaysian safety restraint systems marketplace, providing a range of high quality seat belts, airbags and steering wheels to all automotive manufacturers based in Malaysia.  Products: seatbelts & rel...","11 Sep, 2022, 22:47 UTC",7457
116,Ocrex,"Chandigarh, India",Information Technology Support Services,ocrex.com,OCREX was formed in 2009 and specialises in the development of OCR software solutions. OCREX has developed AutoRec which automates the process of performing bank reconciliations from paper bank statements. Primarily this product is geared toward the...,"11 Sep, 2022, 22:46 UTC",7715
117,Window Rock School District 8,"Fort Defiance, AZ",Preschools & Childcare Services,wrschool.net,"Window Rock Unified School District is proud to be one of the finest School Districts on the Navajo Nation. Following our mission and vision statements, our team of more than 300 dedicated employees is providing quality education to students residing...","11 Sep, 2022, 22:41 UTC",6813
118,Capsa,Spain,Logistics,embalajescapsa.com,Capsa 2in1® cajas de cartón personalizadas Tu solución a medida. Contamos con soluciones de cajas de cartón especialmente diseñadas para cada tipo de necesidad    USUARIOS Y PASSWORDS CAPSA   ACCESO A RRSS Y EMAIL MARKETING  Twitter: Usuar...,"11 Sep, 2022, 22:40 UTC",4654
119,Agenzia delle entrate,"Rome, Italy",Internet & Web Services,agenziaentrate.gov.it,"The Revenue Agency, operational since 1 January 2001, was born from the reorganization of the Financial Administration following the Legislative Decree No. 300 of 1999. It has its own statute and specific regulations governing administration and acc...","11 Sep, 2022, 22:40 UTC",12347
120,Fedefarma,"Gavá, Spain",Pharmaceuticals,fedefarma.com,"Farmaoffice go, digitaliza tu farmacia con un clic Hacer realidad el reto de digitalizar tu farmacia es posible. Desde fede farma te ayudamos a conseguir facilitándote una web personalizada, dinámica e interactiva con la que posicionarte como experto...","11 Sep, 2022, 22:36 UTC",7218
121,"Trial Pro, P.A.","Orlando, FL",Law Firms & Legal Services,trialpro.com,"The seasoned injury law specialists at Trial Pro, have well over a combined 100 years of experience practicing all types of injury law, including but not limited to personal injury, workers compensation, wrongful death, product liability, consumer pr...","11 Sep, 2022, 22:35 UTC",6565
122,Fruca SA,"Murcia, Spain",Grocery Retail,fruca.es,Fruca Marketing is one of the Biggest Producers of Fresh Fruit & Vegetables in Spain and Europe,"11 Sep, 2022, 22:35 UTC",7831
123,STA Travel,"London, United Kingdom",Travel Agencies,statravel.de,"For you, traveling is more than just booking a flight and taking a few photos of cool spots? Then you are exactly right here! At STA Travel, we love nothing more than getting to know a new country, its culture or a language in all its beauty and disc...","11 Sep, 2022, 22:35 UTC",4968
124,YMA,Taiwan,Industrial Machinery & Equipment,ymaunivers.com,"From using composite wood 50 years ago to today’s carbon fiber composite products, YMA combines the power of science, driven by engineering, time proven craftsmanship, and united by purpose. The company is driving innovations through the use of mate...","11 Sep, 2022, 22:34 UTC",7680
125,NORMANDISE Pet Food,"Vire, France",Machinery Manufacturing,lanormandise.fr,Normandise Petfood is a manufacturing and packaging plant specializing in the custom manufacturing of high-quality food products.,"11 Sep, 2022, 22:33 UTC",7617
126,Holiday Inn Istanbul,Istanbul,Hospitality,hikadikoy.com,Holiday Inn Istanbul (Hotel),"11 Sep, 2022, 22:33 UTC",5056
127,Tekinox,Italy ,Industrial Machinery & Equipment,tekinox.it,"Workshop for the production of turned parts, Tekinox Srl is specialized in the processing of all families of stainless steels","11 Sep, 2022, 22:33 UTC",7759
128,Hamiota Economic Development,Canada,Government Administration,hamiota.com,hamiota.com The Hamiota Municipal Hamiota Economic Development,"11 Sep, 2022, 19:03 UTC",1768
129,Drapery Concepts,"California, United States",Commercial & Residential Construction,draperyconceptsny.com,"For more than 25 years, Drapery Concepts Inc. has been creating custom drapery and window treatments in our own workroom.","11 Sep, 2022, 17:29 UTC",4698
130,Hunters Estate Agent,United Kingdom,Real Estate,hunters.com,We’ve seen our business grow rapidly since opening our first branch in York in 1992. We are now one of the leading estate and lettings agency networks with branches throughout the UK.  The last 25 years have given us invaluable experience during wh...,"11 Sep, 2022, 15:31 UTC",3055
131,GAV Resorts,"Belém, Brazil",Construction & Real-Estate,gavresorts.com.br,GAV Resorts is a company specializing in high-end resorts.,"11 Sep, 2022, 15:30 UTC",3092
132,Kisan Group,"Sāngli, India",Machinery Manufacturing,kisan.com.tr,KISAN Trafik Mühendisliği Proje Hizmetleri. Turkey Revenue:  $177 Million,"11 Sep, 2022, 15:24 UTC",2356
133,Sport City,"Draper, UT",Sports & Recreation,sportscity.com.tw,"As a clothing manufacturer for over 30 years, SCI has witnessed the development of the garment industry in Taiwan. We are fully aware that talent is the key to a company's sustainable development. Talent development takes time and effort, and SCI put...","11 Sep, 2022, 15:20 UTC",2999
134,Centro Don Serafino Ronchi,Italy,Healthcare Services & Hospitals,centrodsr.it,"Don Serafino Ronchi è un centro multidisciplinare specializzato in terapie fisioterapiche e riabilitative, visite mediche, esami diagnostici e cura dei disturbi dell’età evolutiva, 400 mq dedicati alla salute e al benessere della persona.  Ambiente...","11 Sep, 2022, 06:32 UTC",4536
135,Hatcher Insurance,"Florida, United States",Insurance ,hatcherins.com,"With deep-roots in the insurance community dating back to 1942, Hatcher has been serving Florida for over half-a-century.","11 Sep, 2022, 06:32 UTC",6759
136,Northwest Pipe,"Vancouver, WA",Metal & Mineral Manufacturing,northwestpipe.com,"Northwest Pipe Fittings sells quality plumbing supplies, HVAC parts, pipes, valves & fittings to professional contractors and homeowners.","11 Sep, 2022, 06:31 UTC",6360
137,UNIR Distribución y logística,"CABA, Buenos Aires",Logistics,correounir.com.ar,"Unir Distribución y Logística (Unir SA) Argentina Unir SA is a Clarin Group company oriented to the development of integral solutions in the tasks of Postal Distribution, Logistics in general, we offer all the variants of products, in the shortest t...","11 Sep, 2022, 06:31 UTC",7705
138,Siam Computing,"Chennai, India",Information Technology Support Services,sieam.fr,Intermunicipal Syndicate of Water Supply and Sanitation of Mayotte,"11 Sep, 2022, 06:30 UTC",7316
139,Osprey Video,"Carrollton, TX",Computer Hardware Development,ospreyvideo.com,"THE OSPREY DIFFERENCE Serving Mission Critical Markets, our products are designed to withstand extreme environmental conditions like unpredictable temperature fluctuations, unstable power grids and above average shock and vibration. These factors ar...","11 Sep, 2022, 06:30 UTC",4717
140,Flores Funza,"Bogotá, Colombia",Agriculture,floresfunza.com,"floresfunza.com FLORES FUNZA is one of the leading companies in the flower industry in Colombia. With over 200 hectares (of production and more than 30 products availabl Headquarters:  Vereda Cocli Kilometro 7 Via, Funza, Cundinamarca, Colombia...","11 Sep, 2022, 06:30 UTC",3098
141,Rovagnati,"Biassono, Italy",Grocery Retail,rovagnati.it,"Novità Rovagnati, un ""dominio"" internazionale Nasce il sito Rovagnati.com, una piattaforma in lingua inglese che parla dell'azienda a tutto il mondo. Scopri di più Novità Rovagnati negli Stati Uniti A fine settembre è stato inaugurato il primo stabil...","11 Sep, 2022, 06:30 UTC",9746
142,La Competencia,"Quito, Ecuador",Telecommunications,competencia.com.ec,"About: La Competencia S.A. inicia en 1963, durante su tiempo de vida se ha dedicated a la importación, venta y distribution de distintos productos innovadores, las primeras importaciones fueron maquinas de cosér, siguiendo con linea blanca para hoga...","11 Sep, 2022, 06:27 UTC",7235
143,Spécialités Y G Ltée,Canada,Furniture,ygboulons.com,"Spécialités Y.G. Ltée 587 rue des Actionnaires, Chicoutimi, Québec, G7J5B3 Canada","11 Sep, 2022, 06:26 UTC",4419
144,GET,Spain,Business Services,get.es,"The origins of G.E.T. date back to 1987, the year in which a small tobacco shop was opened in Benidorm. Today, more than three decades later and thanks to the entrepreneurial spirit of its founders, the company is made up of a large team of professio...","11 Sep, 2022, 06:26 UTC",7430
145,Roedean School,South Africa,Education,roedeanschool.co.za,"Stolen: passports, finances, personal photos, documents and more  Roedean School was founded in 1885 to provide 'a thorough physical, intellectual and moral' education with 'as much liberty as is consistent with safety'.","11 Sep, 2022, 06:25 UTC",8482
146,Comune di Reggio Emilia,"Reggio di Calabria, Italy",Government Administration,www3.comune.gorizia.it,Gorizia is an Italian town and the capital of the Province of Gorizia in its inhabitants are called the Goriziani. The municipality covers 41.1 km² and has 34 336 inhabitants since the last population census. The population density is 835.2 inhabita...,"11 Sep, 2022, 06:22 UTC",3609
147,Quality Medical Care,"Melbourne, FL",Healthcare Services & Hospitals,qualitymedicalinc.com,"Quality Medical Inc. Founded in October 2001 to provide a convenient, pleasurable and private shopping experience for the medical community. Our goal is simple; excellent products, exceptional customer service and a commitment to value. With our he...","11 Sep, 2022, 06:12 UTC",5689
148,RIKEN,"Wako, Japan",Biotech & Pharmaceuticals,riken.co.jp,RIKEN CORPORATION: Manufacturer of functional parts for automotive and industrial machinery.,"11 Sep, 2022, 06:12 UTC",10795
149,"Yong Mao Environmental Tech. Co.,Ltd","Taipei, Taiwan",Manufacturing,,"Yun Mao Ecological technology. Design Co., Ltd was approved in 2015 and has been in the construction industry ever since. Cooperate with many big companies in China.  Scans of documents, certificates, accounting, drawings, photos/ videos of working...","11 Sep, 2022, 06:12 UTC",7005
150,Grupo OSDE,"Buenos Aires, Argentina",Business Services,osde.com.ar,"OSDE is a network of medical care services in Argentina created in 1972. 2 In 1991 it became the first network of medical-care services in Argentina , with a system of open health plans. 3  It currently has more than 2 million members, almost 7 tho...","11 Sep, 2022, 06:11 UTC",8922
151,New West Metals,Canada,Minerals & Mining,newwestmetals.com,New West Metals Inc offers a full range of stainless steels of all types and shapes,"11 Sep, 2022, 06:07 UTC",6606
152,Marco Polo Hotels,China,Hospitality,marcopolohotels.com,"Marco Polo Hotels embody the ethos to explore, discover and experience a destination creating unique guest experiences in established locations and drawing on the key philosophies of its namesake, Marco Polo: the explorer, global traveller, entrepren...","11 Sep, 2022, 06:06 UTC",2807
153,KKCS,"Los Angeles, CA",Business Consulting,kkcsworld.com,"KKCS is a full-service program management, project management, and construction management firm with more than 30 years of experience providing consulting services for transportation, aviation, infrastructure, and facilities projects. We bring a weal...","11 Sep, 2022, 06:06 UTC",4493
154,Tru-Fab Technology,"Ohio, United States",Commercial & Residential Construction,trufab.com,"Tru-Fab Technology, Inc. is a full-service company specializing in custom fabrication, machining, welding, deep-hole drilling, powder coating.","11 Sep, 2022, 06:05 UTC",4484
155,AddConsult Group,Netherlands,Business Services,addconsult.nl,"Stolen data: bank documents, customer data, financial documents.  About company: Service, quality, inlevingsvermogen and pragmatic aanpak to belangrijke corewoorden for AddConsult. Ons enthousiast team of consultants outside of contact with our cli...","11 Sep, 2022, 06:04 UTC",7212
156,Kortrijkse Rijschool,Belgium,Driving School,kortrijkserijschool.be,"Kortrijkse Rijschool, Eerste keer goede keer, uw partner in elke rijopleiding.","11 Sep, 2022, 06:01 UTC",2356
157,DCash,Thailand,Beauty Services,dcashpro.com,"dcashpro.com Moderncast International Cosmetics (MCIC) unveils Dcash Professional brand strategy, preparing to penetrate the B2C market, accelerating the development of hair products to meet the end-consumer needs, increasing online sales channels,...","11 Sep, 2022, 06:01 UTC",2166
158,MetaAge,"Taipei, Taiwan",Information Technology Support Services,metaage.com.tw,"Helping enterprises integrate cloud technology, digital transformation, and improve enterprise per capita productivity through intelligent automation. Metaverse Generation ""Best IT Intelligence Partner""","11 Sep, 2022, 06:01 UTC",3065
159,Rottley Tile,"Taipei, Taiwan",Tile Industry,pdh.com.tw,"Rottley Tile has more than 35 years of experience and professional service team, all kinds of tile questions are happy to answer for you, your inquiries are our honor.","11 Sep, 2022, 06:01 UTC",2829
160,Canteen,"Charlotte, NC",Catering & Food Service Contractors,canteen.com,"Canteen is a family of companies, serving clients across the country with both national and regional offerings for our markets, dining, coffee and vending lines of business.","11 Sep, 2022, 06:00 UTC",4518
161,Al-Taadhod Group,"Doha, Qatar",Industrial Machinery Manufacturing,altaadhod.com,"small part of data we have, if the company do not contact us all their data will be published","11 Sep, 2022, 06:00 UTC",4559
162,Currier Ryan,"Boston, United States",Law Firms & Legal Services,currierryan.com,"The legal advisor you choose to build and implement your estate plan will play an important role for your family and your legacy. While no single firm is the best choice for everyone, we feel Currier Ryan is ideally suited for high and ultra high net...","08 Sep, 2022, 08:19 UTC",4715
163,Perteet,"Everett, WA",Architectural & Engineering Services,perteet.com,"Talent, innovation, and hard work. For over 33 years, we’ve been partnering with public agencies to help keep cities and towns moving forward in Washington State and beyond.  Perteet is a community of self-disciplined people and teams. We are fier...","07 Sep, 2022, 19:25 UTC",4230
164,Misumi USA,"Schaumburg, IL",Machinery Manufacturing,misumi.com.tw,"Established in 1982, Misumi Electronic Corporation has surged ahead and become one of the leading CCTV & CMOS security equipment manufacturers and exporters in Taiwan. Our product lines range from all kinds of CCTV & CMOS cameras to related periphera...","07 Sep, 2022, 14:55 UTC",2811
165,Town of Frederick,"Frederick, CO",Regional Agencies,frederickco.gov,"The Town of Frederick is a Statutory Town located in Weld County, Colorado, United States.[1] The town population was 14,513 at the 2020 United States Census, a +67.22% increase since the 2010 United States Census.[3] Frederick is a part of the Greel...","07 Sep, 2022, 12:49 UTC",4894
166,SBR Stahlbau Regenhütte,Germany,Commercial & Residential Construction,sbr-zwiesel.de,"The company SBR - Stahlbau Regenhütte GmbH - based in Zwiesel is a future-oriented and high-performing medium-sized family company, which manufactures complete equipment parts for the construction machinery industry with the most modern machines. Thi...","05 Sep, 2022, 15:26 UTC",2652
167,Growag Feuerwehrtechnik,Switzerland,Building Materials,growag.ch,"Ausrüsterin für Feuerwehren, Unternehmen und Private Entdecken Sie unsere Geschäftsbereiche und erfahren Sie mehr über uns. Nebst einem umfangreichen Produktsortiment bieten wir Ihnen Service- & Wartungsdienstleistungen sowie ein Angebot an verschi...","02 Sep, 2022, 07:51 UTC",4468
168,Studio Barba,Italy,Consumer Services,studiobarba.com,"Il sito STUDIO BARBA rappresenta uno strumento per fornire informazioni sull'attività professionale esercitata, secondo professionalità, correttezza e verità, nel rispetto della dignità e del decoro della professione e degli obblighi di segretezza e...","01 Sep, 2022, 10:25 UTC",4689
169,Megal Development,"Wisconsin, United States",Commercial & Residential Construction,megal.com,Megal is a source for individual and group investors who are looking for an opportunity for a real estate investment.,"26 Aug, 2022, 17:26 UTC",3968
170,The Pinjuh Law Firm,"Ohio, United States",Law Firms & Legal Services,pinjuhlaw.com,"The Pinjuh Law Firm, LLC offers efficient and successful immigration legal services. Managing attorney Lori A. Pinjuh brings a wealth of experience and care to her representation.  We have all company and clients information","23 Aug, 2022, 16:49 UTC",4878
171,Barry W Dowd Attorney At Law,"Louisiana, United States",Law Firms & Legal Services,barrydowd.com,"Outstanding legal service since 1993. Alimony, annulments, divorce, legal separation, prenups, and paternity We have all client files","23 Aug, 2022, 11:40 UTC",4453
172,Ruffin Lawyers,Australia,Law Firms & Legal Services,ruffinlawyers.com.au,Ruffin Lawyers is a company that operates in the Legal Services industry. It employs 6-10 people and has $1M-$5M of revenue.,"23 Aug, 2022, 11:27 UTC",4497
173,Robit Plc,Finland,Mining,robitgroup.com,"At Robit, our focus is on the drilling – where the steel and the ground collide. That’s what we know best. Whatever your operation – forepoling, piling, tunnelling, anchoring or construction – Robit drilling consumables are designed to give more dril...","23 Aug, 2022, 08:49 UTC",4174
174,Destination Hope,"Florida, United States",Hospitals & Physicians Clinics,destinationhope.com,"Based in Fort Lauderdale, Florida, we provide substance abuse and mental health treatment for adult men and women. Our center is among one of the first Non-Medicare Partial Hospitalization programs made available in the state of Florida. We are proud...","23 Aug, 2022, 08:04 UTC",4440
175,Entrust,"Shakopee, MN",Computer Hardware Development,entrust.com,"OUR STORY BEGAN IN 1969, with the founding of Datacard Corporation and the advent of secure, high-speed payment and identity card printers.","20 Aug, 2022, 00:52 UTC",7165
176,Wabtec,"Pittsburgh, PA",Transportation Equipment Manufacturing,wabteccorp.com,"Wabtec Corporation is an American company formed by the merger of the Westinghouse Air Brake Company and MotivePower Industries Corporation in 1999. It is headquartered in Pittsburgh, Pennsylvania. Wabtec manufactures products for locomotives, freigh...","19 Aug, 2022, 23:30 UTC",4404
177,FAAC Group,Italy,Commercial & Residential Construction,faacgroup.com,"Fabbrica Automatismi Apertura Cancelli (FAAC) was founded in 1965 and immediately became synonymous with automation for gates all around the world. Quality, safety, reliability, satisfaction, passion and research are the values on which the company h...","13 Aug, 2022, 03:52 UTC",4984
178,Becker Law Office,"Louisville, KY",Legal,beckerlaw.com,"Full dataset. 500gb. Becker Law has over 30 years of experience in Kentucky and Indiana handling cases for more than 50,000 clients. Becker Law has forced them to pay hundreds of millions of dollars for our clients. Your case to us is personal becaus...","13 Aug, 2022, 03:48 UTC",5394
179,Best Tax Filer,"Farmington Hills, MI",Accounting & Tax,besttaxfiler.com,Full dataset. Best Tax Filer LLC is happy to announce a new referral policy for all the clients across United States. This program is not only meant for assisting new clients but also provides benefits in cash or in kind to you. This new policy gives...,"13 Aug, 2022, 03:46 UTC",4528
180,Century Aluminum,"Chicago, IL",Metal & Mineral Manufacturing,centuryaluminum.com,"Full dataset. Century Aluminum Company is a US-based producer of primary aluminium, with aluminum plants in Kentucky, South Carolina and Iceland. It is the largest producer of primary aluminium in the United States. The company is a publicly held cor...","13 Aug, 2022, 03:41 UTC",4900
181,La Poste,"Paris, France",Banking & Lending,lapostemobile.fr,"How much is the personal data of the French? 100 thousand dollars, that's how much the private information of more than a million and a half people in France is worth.  La Poste Mobile is a quadruple play Telecom operator (mobile, landline, Internet...","13 Aug, 2022, 03:28 UTC",5083
182,Lexington National Land Services,"New York, NY",Real Estate,lexingtonnational.com,Lexington National Insurance Corporation is a national property and casualty insurance company rated A- by A.M. Best and U.S. Treasury listed. Lexington National Insurance Corporation is licensed in all 50-states and the District of Columbia. Starti...,"11 Aug, 2022, 13:40 UTC",6595
183,Gemeente Maldegem,"Maldegem, Belgium",Government Administration,maldegem.be,Stolen private data and DB's,"11 Aug, 2022, 13:39 UTC",7306
184,Groupe Hélios,"La Courneuve, France",Construction,groupe-helios.com,"Chez Hélios, les femmes et les hommes sont au cœur de l’entreprise. Chaque personnalité et compétence est un atout essentiel pour assurer la réussite du groupe. Diverses fonctions sont occupées quotidiennement : Management, Exploitation/Travaux, Admi...","11 Aug, 2022, 13:39 UTC",7318
185,MEC,"Mayville, WI",Machinery Manufacturing,mec.com,"Mack Energy Corporation was founded by Mack.C..Chase, President, in 1990. It was formed as an independent energy company engaged in the exploration, development, and production of oil and gas in southeastern New Mexico. Headquartered in Artesia, New...","11 Aug, 2022, 13:38 UTC",6712
186,Unimaster,Bulgaria,Freight & Logistics Services,unimasters.com,"Unimasters Logistics Plc is a dynamic, advanced supply chain management company, headquartered in Bulgaria with fully owned subsidiaries in Romania and Hungary. It specialises in delivering a wide range of customer-friendly, innovative, advanced phyg...","09 Aug, 2022, 14:02 UTC",5832
187,O'Brien Group Australia,"North Melbourne, Australia",Hospitality,obriengroupaustralia.com.au,"O'Brien Group is Australia and New Zealand's largest privately owned hospitality, entertainment and leisure company.  For over 30 years, O'Brien Group has operated many of Australasia's premier venues.  O’Brien Group Australia is a fully integrate...","02 Aug, 2022, 08:49 UTC",5970
188,Precision Flooring Products,"Tennessee, United States",Building Materials,preflooring.com,"Since 1994, Precision Flooring Products, Inc. has been a leading manufacturer and distributor of customized prefinished mouldings to the wood flooring industry throughout North America. To meet the demands of our customers, we customarily stock a wid...","01 Aug, 2022, 16:37 UTC",6661
189,Scohil Construction,"Texas, United States",Commercial & Residential Construction,scohil.com,"Scohil Construction Services has experience in, and the capability to perform, the following construction related activities:      Storm Water Detention Ponds     Lime / Cement Soil Stabilization     Utility Installation including water, sanitary...","01 Aug, 2022, 16:24 UTC",6653
190,EMUNWorks,"Alabama, United States",Database & File Management Software,emunworks.com,ONE platform for CRM and B2B. Sell smarter and shop smarter with EMUN1. Much more than an order entry system. EMUN is a fields sale software solution provider. It offers a sales enablement solution.,"31 Jul, 2022, 01:05 UTC",6548
191,Eclipse 4dm,"Kettering, United Kingdom",Commercial Printing,eclipse-print.com,ECLIPSE GROUP is a large-scale manufacturer of a large-scale graphics with high-end service for each client.,"30 Jul, 2022, 08:37 UTC",5488
192,Susquehanna International Group (SIG),"Bala Cynwyd, PA",Stock Exchanges,sig.id,"Semen Indonesia Group (SIG), is an Indonesian cement company established in 1957 in Gresik, with the name NV Semen Gresik. In 1991, PT Semen Gresik was the first state-owned company to go public on the Indonesia Stock Exchange. Furthermore, in 1995,...","27 Jul, 2022, 15:41 UTC",6714
193,Diodes,"Plano, TX",Electronics Manufacturing,diodes.com,"Hello, today we are presenting incredible information from one of the largest chip manufacturers -= Diodes Incorporated.=- Type    Public Traded as   Nasdaq: DIOD S&P 600 component Russell 3000 Index component Industry    Semiconductors Founded 1959...","25 Jul, 2022, 08:58 UTC",13543
194,BizFrame,"Johannesburg, Gauteng",Software Development,bizframe.co.za,"BizFrame’s Enterprise Platform as a Service (PaaS) enables companies to quickly develop, run and manage any web-based business application without the traditional complexity of building and maintaining the infrastructure.","23 Jul, 2022, 14:46 UTC",6053
195,Bizerba,"Balingen, Germany",Machinery Manufacturing,bizebra.com,Bizerba SE & Co. KG is a German provider of weighing and slicing technologies for industry and trade and is a worldwide leading specialist in industrial weighing and labeling technologies.[citation needed] It was founded in 1866 Andreas Bizer in Bal...,"22 Jul, 2022, 04:26 UTC",9803
196,The Institute of Ismaili Studies,"King's Cross, United Kingdom",Colleges & Universities,iis.ac.uk,"The Institute of Ismaili Studies (IIS) was established in 1977 as an academic institution of higher education dedicated to the study of Islam, with a particular focus on its Ismaili and broader Shi‘i traditions. A core part of our mission is to prese...","21 Jul, 2022, 17:52 UTC",7494
197,V L P,"Flushing, NY","Department, Clothing & Shoe Stores",vlp.nl,"Flexible partitioning specialist VLP has specialised since 1982 in bespoke “flexible partitioning” for a wide variety of sectors, with products including: industrial curtains, strip curtains, welding curtains, swing doors, roll-up curtains, Dynaco h...","21 Jul, 2022, 11:21 UTC",7735
198,Atlantic Coast Athletic Clubs,"Charlottesville, VA",Sports & Recreation,acac.com,[part 1] acac (Atlantic Coast Athletic Clubs) is one of the Top 100 Fitness and Wellness Clubs in America.,"20 Jul, 2022, 18:48 UTC",7556
199,Emprint,"Louisiana, United States",Business Services,emprint.com,[4.7 TB Files] Emprint provides document and printing solutions tailored to address each client's unique needs,"20 Jul, 2022, 18:48 UTC",7532
200,Cabbage,"Sheffield Village, OH",Wholesale,cabbageinc.com,"Cabbage Inc Cabbage, Inc. operates as a cabbage producer. The Company offers a variety of cabbage and organic products including spring mix, spinach, red, green, napa, and savoy cabbage, as well as harvesting and shipping inspections. Cabbage serves...","20 Jul, 2022, 18:47 UTC",8787
201,A2 Pas,"Lectoure, France",Hotels & Resorts,a2-pas.fr,Upload about of 20Gb private clients data exclusive information about their clients and companies and more passports scans  cofidal.fr kadim-invest.fr abel-investissements.fr   Key Principal: Isabelle DAHAN Industry: Management of Companies a...,"19 Jul, 2022, 12:37 UTC",7649
202,Genus plc,"Basingstoke, United Kingdom",Biotech & Pharmaceuticals,genusplc.com,"Genus is a world-leading animal genetics company. We partner with farmers to nourish the world more efficiently and sustainably. We do this by breeding better pigs and cattle, so farmers can produce highquality meat and milk more efficiently and su...","19 Jul, 2022, 11:31 UTC",6170
203,Vytelle,"Oregon, United States",Business Services,vytelle.com,"Vytelle is a precision livestock company reshaping how cattle producers worldwide optimize their herds. Through Vytelle’s integrated technology platform, generations of genetic gains can be made in just a few years. This allows producers to sustainab...","16 Jul, 2022, 11:24 UTC",4418
204,Alpa Azienda Lavorazione Prodotti Ausiliari SpA,Italy,Manufacturing,alpachem.com,"ALPA, a leather tanning company, was founded in 1957 in Milan thanks to the foresight of Mr. Gualtiero Gualtieri. The company still maintains the family connotation through Gloria, Mr. Gualtieri’s daughter, who, as CEO, leads the company. Production...","15 Jul, 2022, 13:15 UTC",8594
205,Export Trading Group (ETG),"Dar es Salaam, Tanzania",Wholesale,etgworld.com,"ETG has developed into a global player with a diverse portfolio of expertise across multiple industries, encompassing Agricultural inputs, logistics, merchandising and processing, supply chain optimization, digital transformation and energy.  Our p...","14 Jul, 2022, 07:17 UTC",6953
206,Lonseal,"Carson, CA",Consumer Product Manufacturing,lonseal.com,"Celebrating over 50 years of durability and performance in a variety of commercial industries, Lonseal® offers a unique selection of sheet vinyl flooring in exterior and interior, embossed, smooth, sport and wood-grain surfaces. We provide finishes o...","11 Jul, 2022, 19:59 UTC",10644
207,Metro Appliances & More,"Jonesboro, AR",Consumer Electronics & Appliances Stores,metroappliancesandmore.com,METRO Appliances And More.  Information from the open sources.  Metro Appliances & More owns and operates retail sores and sells appliances such as dishwashers and dryers. Metro Appliances & More was founded in 1974. Metro Appliances & More's hea...,"10 Jul, 2022, 18:19 UTC",10257
208,Carnbrea,Australia,Finance,carnbrea.com.au,Carnbrea & Co .   Australian Wealth and Investment Advisory group   Carnbrea is a privately-owned boutique Wealth and Investment Advisory group with a proud 50-year history of providing financial and investment advice to High Net Worth Individuals...,"07 Jul, 2022, 01:17 UTC",11271
209,AXELLIUM,"Rennes, France",Business Services,axelcium.com,"AXELCIUM is a Consulting Firm specialised in Transaction Advisory Services, Financial Engineering & Regulation in the Infrastructure Industry (PPP/PFI project arrangements): Transport, Environment, Energy and Public Facilities.  - Set-up of BOT, PF...","05 Jul, 2022, 15:14 UTC",10013
210,Sigma,"San Pedro Garza García, Mexico",Food & Beverage Manufacturing,sigma-alimentos.com,"More than 500 thousand confidential documents. Documents were seized from servers in the Netherlands, Germany, France, Italy, Spain, Belgium, Portugal, etc. Over 1 Tb of data. Employees and management data. Process documents. Data will be released in...","05 Jul, 2022, 15:11 UTC",13793
211,Bosco Avocats,France,Law Firms & Legal Services,bosco-avocats.com,"BOSCO AVOCATS is an inter-bar law firm resulting from the merger of the law firms FLEURY MARES DELVOLVE ROUCHE and VSA.  Focused on the problems encountered by private and public economic operators in the industry and construction, BOSCO AVOCATS ha...","05 Jul, 2022, 15:08 UTC",9767
212,Les Bureaux de l'Épargne,"Paris, France",Insurance,lesbureauxdelepargne.com,"Les Bureaux de l'pargne is a family-owned and independent brokerage firm, chaired by Constance COILLARD. For more than 30 years, we have been accompanying our clients in their life projects by enhancing their savings, helping them prepare for their r...","05 Jul, 2022, 15:07 UTC",9815
213,Pier-Luc Rodrigue Médiateur Avocat,Canada,Law Firms & Legal Services,plravocats.fr,"The days when the lawyer looked down on his client and said the law are over.  Created in 2009, the backbone of the firm is focused on the lawyer/client relationship. Today's lawyer is above all available, fast and astute.  P.L.R Avocat strives t...","05 Jul, 2022, 15:07 UTC",10039
214,Colombus Asset Management,"Paris, France",Business Consulting,slpcolombus.com,"Created by accomplished entrepreneurs with more than 20 years of experience in real estate, the SLP COLOMBUS REIM aims to reposition obsolete tertiary assets in Paris and the Ile-de-France region. The Colombus Group's teams of 15 employees, including...","05 Jul, 2022, 15:06 UTC",9975